0xb1a233de,AbsoluteZLimiterCoverSelectionParameters
0xf20e71a8,AccelerateTowardsParameters
0x2fcd76d4,Accuracy
0x3c4eff48,Achievement
0x962dae3c,ActionMap
0x1bc7794d,ActionMapField
0x7fcebc62,ActionPayment
0x55f21ae3,ActionRestrictionGroup
0xef30a5ff,ActionTargetInDistancePrereq
0x63f853b4,ActionTargetPrereq
0x67dca836,ActionWidgetDefinition
0x3ae4f263,AddItemsEffector
0x83a72bb9,AddStatusEffectToAttackEffector
0xf240ed28,Advertisement
0x3d0312fd,AdvertisementFormatDef
0x42630790,AdvertisementFormatsEnum
0xb536718d,AdvertisementGroup
0x2d12886f,Affiliation
0x49ca0840,AIAbilityCond
0x5e50aa6d,AIAction
0x654f0a29,AIActionAND
0x21f223e1,AIActionAnimData
0xbefd9661,AIActionAnimDirection
0xeb79f51d,AIActionAnimSlot
0x93a92764,AIActionChangeNPCState
0xdb006ea0,AIActionCondition
0x4dbc0414,AIActionCooldown
0xa94d4db,AIActionLookAtData
0x4eb97894,AIActionOR
0xc2b3e30d,AIActionPhase
0x24b2a631,AIActionSecurityAreaType
0xb552a971,AIActionSecurityNotificationType
0x854825dd,AIActionSelector
0x4d504125,AIActionSequence
0x87296d2,AIActionSlideData
0x146959bb,AIActionSmartComposite
0x1f501d8c,AIActionSubCondition
0xb187d6c6,AIActionTarget
0x37dd36e3,AIActionTicket
0x20f56bc7,AIActionType
0x527942e9,AIAdditionalTraceType
0x2b2c4b38,AIAffiliationCond
0xc99bd2de,AIAmmoCountCond
0x14ec7ac3,AIBlockCountCond
0x7d5ff756,AICalculateLineOfSightVector
0x664b3cf0,AICalculatePathCond
0xbe0d44b6,AICommand
0xdf73a22a,AICommandCond
0x1f47d20d,AICooldownCond
0x25bf3949,AICoverCond
0x85d8520b,AIDirectorEntryStartType
0x95d0478e,AIDirectorSchedule
0x1347bc93,AIDirectorScheduleEntry
0xd0948183,AIDirectorSchedulePlan
0xfbd4fde4,AIDirectorSchedulePlanEnemyEntry
0xc15c0e25,AIDirectorScheduleSpawningDesc
0x59168a36,AIDodgeCountCond
0x8f7b1349,AIDriverCond
0x8c5e9c4a,AIExposureMethodType
0x2a0681ea,AIExtendTargetCirclingCond
0x84ebab54,AIFriendlyFireCond
0x8a8c0815,AIGoToCoverCond
0x89d13e78,AIHasWeapon
0xe9dcea77,AIHitCond
0x6099a478,AIInTacticPositionCond
0x7efda13c,AIIsInActiveCameraCond
0xb645f4b,AIIsOnNavmeshCond
0xc685c646,AIItemCond
0x4cb5fc09,AILookAtCond
0x95396605,AILoSPositionCond
0x7cafec54,AimAssistAimSnap
0xc20ad411,AimAssistBulletMagnetism
0xe2df403f,AimAssistCommon
0xaf7949c,AimAssistConfigPreset
0xc76e2772,AimAssistFinishing
0xad603be9,AimAssistMagnetism
0xdb975e41,AimAssistMelee
0x7678d322,AimAssistSettings
0x5f07f2f4,AimAssistTargetData
0x6e55c27b,AimAssistType
0x3cca42fa,AIMovementCond
0x5d42b690,AINode
0x51f1755c,AINodeMap
0x27f6a317,AINodeMapField
0xe6b8901e,AINPCTypeCond
0xec1bbbf6,AIOptimalDistanceCond
0x41f9e14b,AIPattern
0xe0f83701,AIPatternDelay
0xd918500a,AIPatternsPackage
0x440ddc84,AIPreviousAttackCond
0xc9bb09,AIReactionCond
0x6fa4381f,AIRecord
0xff71f4c4,AIRestrictedMovementAreaCond
0x89d9d11d,AIRingTicket
0x5e8a2680,AIRingType
0x5b037a1e,AIRole
0xd0c7066e,AISectorType
0x9655d3a6,AISecurityCond
0x848f665a,AISignalCond
0xd039a0e1,AISlotCond
0x8136b980,AISmartCompositeType
0x60070563,AISpatialCond
0x5c3e4bf8,AISquadANDCondition
0xa4c8c74,AISquadAvoidLastFilter
0x1d0856e3,AISquadClosestToSectorCheck
0x451fa062,AISquadClosestToTargetCheck
0x64db805c,AISquadCond
0xa0b33058,AISquadContainsSelfCheck
0x4f724114,AISquadDistanceRelationToSectorCheck
0x8f4356ec,AISquadDistanceRelationToTargetCheck
0x86848b72,AISquadFilterByAICondition
0xe86beb1e,AISquadFilterOwnTargetSpotted
0xe7cb559c,AISquadFurthestToSectorCheck
0xc3f8d03,AISquadFurthestToTargetCheck
0xf6fa3965,AISquadInSectorFilter
0x5e8f0cf5,AISquadItemCategoryPriorityFilter
0x39dd7d1,AISquadItemPriorityFilter
0xde984e36,AISquadItemTypePriorityFilter
0x5ef98d35,AISquadJustSelfFilter
0xdc4becea,AISquadMembersAmountCheck
0xdc85e9c0,AISquadORCondition
0x5047858b,AISquadParams
0xf4637584,AISquadSpatialForOwnTarget
0xd5b6441e,AISquadType
0x7ed10496,AIStateCond
0xc3726d75,AIStatPoolCond
0x4ad5da3a,AIStatusEffectCond
0x16cdc792,AISubAction
0x3e22c91f,AISubActionActivateLightPreset
0xb4871605,AISubActionActivateStrongArmsFX
0x21e79433,AISubActionAddFact
0x3a62bb1,AISubActionApplyTimeDilation
0x6acd3a6,AISubActionAttackWithWeapon
0x1aad698f,AISubActionBlockData
0xaf929447,AISubActionCallReinforcements
0x57e8ee3a,AISubActionCallSquadSearchBackUp
0xe6010a4e,AISubActionChangeAttitude
0xba86b590,AISubActionChangeCoverSelectionPreset
0x6bc269b3,AISubActionCharacterRecordEquip
0xd754993b,AISubActionCharacterRecordUnequip
0x96576a13,AISubActionCompleteCommand
0xc0b493ba,AISubActionConditionalFailure
0x4a8e0113,AISubActionCover
0xb29a919c,AISubActionCreateGameEffect
0x98efcf23,AISubActionCustomEffectors
0xc679ae21,AISubActionDisableAimAssist
0x648677a1,AISubActionDisableCollider
0xdb520e96,AISubActionDroneModifyAltitude
0x4570712d,AISubActionEquipOnBody
0xc9a0cde2,AISubActionEquipOnSlot
0x14bc410f,AISubActionFail
0x9b35f0cd,AISubActionFailIfFriendlyFire
0xa5986d28,AISubActionFastExitWorkspot
0x8ad88cf6,AISubActionForceDeath
0x7ff95149,AISubActionForceEquip
0xab28d6d0,AISubActionForceHitReaction
0xcdf4a1f0,AISubActionForceUnequip
0xd20b4dba,AISubActionGameplayLogicPackage
0x42089df,AISubActionGeneratePointOfInterestTarget
0x565fcadd,AISubActionHitData
0x207f418e,AISubActionInAir
0x91e7bc44,AISubActionInitialReaction
0xf8e52588,AISubActionLeaveCover
0xbc9f76f5,AISubActionMeleeAttackAttemptEvent
0xdf02903a,AISubActionMeleeAttackManager
0xe2836625,AISubActionMissileRainCircular
0x6957c51d,AISubActionMissileRainGrid
0xe529b5eb,AISubActionModifyStatPool
0x1172fa9b,AISubActionMountVehicle
0x8052ceac,AISubActionPlaySound
0x7e11ac59,AISubActionPlayVoiceOver
0xa2b6f9a8,AISubActionQueueAIEvent
0x6e73e3d4,AISubActionQueueCommunicationEvent
0x5394e42d,AISubActionQuickHack
0x3e3b0bc3,AISubActionRandomize
0x4bc45c3,AISubActionRegisterActionName
0x5f0ada61,AISubActionReloadWeapon
0x98e99605,AISubActionScaleDurationWithDistance
0x86d876d1,AISubActionSecuritySystemNotification
0x436e7958,AISubActionSendSignal
0x8338819e,AISubActionSetEquipPrimaryWeapons
0x5d0de21c,AISubActionSetEquipSecondaryWeapons
0x6aa81bcd,AISubActionSetInfluenceMap
0xa8355ee5,AISubActionSetInt
0x6d918c52,AISubActionSetItemAsTarget
0x858cb4ef,AISubActionSetStimSource
0x1adf5ba,AISubActionSetTargetByTag
0x47f87995,AISubActionSetTopThreatPersistance
0xb193c676,AISubActionSetUnequipPrimaryWeapons
0x37009983,AISubActionSetUnequipSecondaryWeapons
0x695e429c,AISubActionSetWaypointByTag
0x7113c5c4,AISubActionSetWorldPosition
0x14a8d70,AISubActionShootToPoint
0x95c46ffc,AISubActionShootWithWeapon
0xa4d0a61a,AISubActionSpawnFX
0x2a6c5605,AISubActionSquadSync
0xd49767cf,AISubActionStartCooldown
0xda97e12a,AISubActionStatusEffect
0x170cdd65,AISubActionThrowItem
0xb9e2f4ac,AISubActionTriggerItemActivation
0x84c88535,AISubActionTriggerStim
0xe2c021d2,AISubActionUnequipOnSlot
0xf4cb2bf9,AISubActionUpdateFriendlyFireParams
0x4b677609,AISubActionUseSensePreset
0x3bc3dbe6,AISubActionWorkspot
0xf7d0a99d,AITacticTicket
0xd6445b6b,AITacticType
0x728be79a,AITargetCond
0x3280e264,AIThreatPersistenceSource
0x545a4fb9,AIThrowCond
0x83b76ebd,AITicket
0x8763108,AITicketCheck
0xa53340b7,AITicketCondition
0x697ca3a0,AITicketFilter
0x7785e22e,AITicketType
0x6854a206,AITresspassingCond
0x411f821d,AIValidCoversCond
0x5b73f935,AIVehicleCond
0x9c0fdf03,AIVelocitiesDotCond
0xf4b64e1a,AIVelocityCond
0x6ece9194,AIVelocityDotCond
0x88f75219,AIWeakSpotCond
0x7410810e,AIWeaponLockedOnTargetCond
0xe22c44c2,AIWorkspotCond
0x4d6110d7,AngleDistanceCoverSelectionParameters
0xa2cdae33,AngleRange
0x701a0b19,Appearance
0x32647ee3,ApperanceToEthnicities
0x20063260,ApperanceToEthnicitiesMap
0xb9ccab5e,ApplyEffectorEffector
0xa3628a70,ApplyLightPresetEffector
0x8e307248,ApplyStatGroupEffector
0xca25c96,ApplyStatusEffectEffector
0xedaf102,ArcadeBackgroundLayer
0x53be4384,ArcadeGameplay
0x5bb241b3,ArcadeMenu
0x9a369817,ArcadeMinigameData
0x7c117771,ArcadeMinigameDataList
0x6e9792b7,ArcadeObject
0xe5907830,ArcadeScoreboard
0xcf3d7baf,ArcadeScoreboardEntry
0xc39c5372,ArchetypeData
0xc6268174,ArchetypeType
0xda5ca264,AttachableObject
0x3a97dd8b,AttachmentSlot
0x68cdb8b3,Attack
0x9b3aa165,AttackDirection
0x7d37d72f,Attack_GameEffect
0x86488027,Attack_Landing
0x68578a74,Attack_Melee
0xf5e03a76,Attack_Projectile
0x7b63a6ed,AttackSubtype
0x7339ebf3,AttackType
0xbd04ec97,Attitude
0x89f74baf,AttitudeGroup
0x9b90b6,Attribute
0x2164fdd1,AvoidLineOfSightSelectionParameters
0x353f571a,BaseDrivingParameters
0xc7c77909,Base_MappinDefinition
0xa795d9a8,BaseObject
0x3c887685,BaseSign
0xbe5b64f2,Bounce
0x2ca02bb,Bounty
0xd58dad60,BountyDrawTable
0x5d4551a9,Box
0x854b79d,BroadcastStimEffector
0xcdecadfa,BuildAttribute
0xc9d80054,BuildAttributeSet
0x74250b74,BuildCyberware
0x9e3f7e06,BuildCyberwareSet
0xc59a3592,BuildEquipment
0xbf6163a3,BuildEquipmentSet
0x7dd603f0,BuildPerk
0x6300a0a3,BuildPerkSet
0x55462dfa,BuildProficiency
0xbaf01b7a,BuildProficiencySet
0x92e7782a,CarriableObject
0xc5986b24,ChannelData
0x6cd8e482,Character
0xc299a7a,CharacterEntry
0xe835bb6,CharacterList
0x688b7db5,ChatterHelperRadius
0xb84413ec,CheckType
0x6f3b8315,ChoiceCaptionIconPart
0x544beba5,ChoiceCaptionPart
0xb3ca2dd5,ChoiceCaptionPartType
0x18546d43,ChoiceCaptionTagPart
0x7cf081b4,ClearLineOfSightCoverSelectionParameters
0x201c5a32,ClosestToOwnerCoverSelectionParameters
0xb926ec11,Clothing
0xbcdb93f,Clothing_inline0
0xe8ae2926,Codex
0x43baf084,CodexRecord
0x4bb018b1,CodexRecordPart
0xe4d9ddc5,CombinedStatModifier
0x2e5bd9c,CompanionDistancePreset
0x5dddd7c4,CompoundSelectionPreset
0x5b86d3a8,ComputerScreenType
0x2c138cfb,Cone
0xe22dd781,ConstantStatModifier
0x4c51fcfd,ConsumableBaseName
0xff8dad86,ConsumableItem
0xaf2e6c19,ConsumableType
0xee96ba6a,ContentAssignment
0x303282ef,ContinuousAttackEffector
0x259a86f,ContinuousEffector
0xfce5bc54,Cooldown
0x4f248cf0,CooldownType
0xc86d264d,CoverHealthCoverSelectionParameters
0xe1d5ea4b,CoverSelectionParameters
0x80ec940,CoverSelectionPreset
0x4209035f,CoverTypeCoverSelectionParameters
0x97524c33,CPOItemCategoryBase
0xb9b0c830,CPOLoadoutBase
0x290ef374,CrackAction
0x299c4f76,Craftable
0x50048f77,CraftingPackage
0xac951556,CraftingResult
0xac560de3,Crosshair
0xedcdf32f,CrowdSettingsPackageBase
0xdf751ebf,CrowdSlotMovementPatternBase
0xf1d7ea6a,CrowdSlotMovementSettingsBase
0x25c678e8,CurrencyReward
0xb59819e8,CurrencyReward_inline0
0x51634af6,Curve
0x90b6ee33,Curves
0x66c35349,CurveStatModifier
0x3deef762,CyberwareArea
0xc19d7fe6,DamageType
0xcff673d4,DefenseMode
0x1d615261,DestructibleObject
0xd727c70a,DetectionCurve
0xbe19cdab,DevelopmentPoint
0xccb548b1,Device
0xdaf41bb0,DeviceAreaAttack
0xaa072bf1,DeviceContentAssignment
0xf3d24d78,DeviceFX
0xeb8fe27b,device_gameplay_role
0xa4051f1f,device_role_action_desctiption
0x1b48772d,device_scanning_data
0x507dcbfd,DeviceScreenType
0x7a095f3d,DeviceUIDefinition
0x95a872b2,DeviceWidgetDefinition
0x918b8394,DisassemblingResult
0xa3427a89,DistanceFromOthersCoverSelectionParameters
0xe391e74a,District
0xd8a7b093,DistrictPreventionData
0xa2dc92a1,DPadUIData
0xdfde0a18,DriveHelper
0xfd6f58fe,DriveHelperType
0x924a0143,DriveWheelsAccelerateNoise
0x14676614,DroneAnimationSetup
0xbaa8fd36,DynamicDownforceHelper
0xdc6a494a,Effector
0xfdc582b6,EffectorTimeDilationDriver
0xefc7ea0c,EnvLight
0x256feaf3,EquipmentArea
0xcf96dde,EquipmentMovementSound
0x77053278,Ethnicity
0x4b08dc6d,EthnicNames
0x97e2ac65,FacialPreset
0x28826fd1,FastTravelBinkData
0x672f982a,FastTravelBinksGroup
0xe206f9e2,FastTravelPoint
0x757e322b,FastTravelScreenData
0xf513d65a,FastTravelScreenDataGroup
0x5b97f5c4,FastTravelSystem
0x91d97f66,FocusClue
0x1a4e538c,Footstep
0x37d82b0b,ForceDismembermentEffector
0x3fc72ff7,FriendlyTargetAngleDistanceCoverSelectionParameters
0xcb119cba,FriendlyTargetDistanceCoverSelectionParameters
0x95c4d9ae,FxAction
0x138d602,FxActionType
0x72ddf0c6,Gadget
0xb497e189,GameplayAbility
0x2e170d41,GameplayAbilityGroup
0x3d8266fa,GameplayLogicPackage
0xe17f128f,GameplayLogicPackageUIData
0x8c0d975,GameplayRestrictionStatusEffect
0xbb8ad45,GameplayTagsPrereq
0x1842801d,Gender
0x23c1ec77,GenderEntity
0x7db3e2a0,GenericHighwaySign
0x90b6d25d,GenericMetroSign
0x87b56698,GenericStreetNameSign
0x7cdb4521,GOGReward
0xe1adebf5,Grenade
0xf5d8453a,GrenadeDeliveryMethod
0x45158cff,GrenadeDeliveryMethodType
0xcf6c578d,HackCategory
0xda2fb7fa,HackingMiniGame
0x40e85679,HandbrakeFrictionModifier
0x5154668f,HitPrereq
0x9af0f9cf,HitPrereqCondition
0x93cad1eb,HitPrereqConditionType
0x34ee3f35,HomingGDM
0x4a605ffa,HomingParameters
0xc2c129c2,HudEnhancer
0xbc9260a,HUD_Preset_Entry
0xb6e8fd4,IconsGeneratorContext
0x98673b83,ImprovementRelation
0x101f3cf3,InAirGravityModifier
0x3aaa9134,InitLoadingScreen
0xa7dd24c9,InteractionBase
0xd15edcfe,InteractionMountBase
0xf3a8fede,InventoryItem
0xbe74ed64,InventoryItemGroup
0xb6e62d84,InventoryItemSet
0xf7051374,IPrereq
0x1416443d,Item
0xb8861bb7,ItemAction
0xad35cc7,ItemArrayQuery
0xe66152b6,ItemBlueprint
0x3d247066,ItemBlueprintElement
0x84d251bc,ItemCategory
0xb1e16c9a,ItemCost
0x82cad842,ItemCreationPrereq
0x28eca87e,ItemDropSettings
0xe1c97215,ItemList
0x545ad78d,ItemObjectToCheck
0xf0855bd2,ItemPartConnection
0x7892fbad,ItemPartListElement
0xfeb80806,ItemQuery
0x9ca0f85d,ItemQueryElement
0x1fbcf2d7,ItemRecipe
0x20ab898a,ItemRequiredSlot
0xe41a6172,ItemsFactoryAppearanceSuffixBase
0xa9d150c0,ItemsFactoryAppearanceSuffixOrder
0x5d20b3c8,ItemStructure
0x21e8aec9,ItemType
0xb42f4320,JournalIcon
0x207fb018,KeepCurrentCoverCoverSelectionParameters
0x71d3ebed,LandingFxMaterial
0x8c0f55d5,LandingFxPackage
0x965da635,Layout
0x17297104,LCDScreen
0x3281d457,LifePath
0xf31a8418,LightPreset
0x97532fa,LinearAccuracy
0xb10ce492,LoadingTipsGroup
0x4ae57c5f,LocomotionMode
0x7b54f696,LookAtPart
0x8e276235,LookAtPreset
0xbdcf9d79,LootItem
0xf7d85230,LootTable
0xc9195bc5,LootTableElement
0x3acea6a4,MappinClampingSettings
0x5323a467,MappinDefinition
0x6439944f,MappinPhase
0xa82c5e1b,MappinPhaseDefinition
0xd2628d4a,MappinsGroup
0x7e8c94fb,MappinUICustomOpacityParams
0x556f4871,MappinUIFilterGroup
0x4db4cf5d,MappinUIGlobalProfile
0xa0d7f578,MappinUIParamGroup
0xe93bb323,MappinUIRuntimeProfile
0x187f8b49,MappinUISettings
0x9d866b10,MappinUISpawnProfile
0x14590da1,MappinVariant
0x2bf3bafb,Material
0x1a4b8a65,MaterialFx
0x8f7a1f23,MeleeAttackDirection
0x4f823ed5,MetaQuest
0x3a8b493a,MinigameAction
0x854f176,MinigameActionType
0x91fff627,MiniGame_AllSymbols
0x8962a57c,MiniGame_AllSymbols_inline0
0x2585b054,MiniGame_AllSymbols_inline1
0xa4c4338e,MiniGame_AllSymbols_inline2
0x284715e,MiniGame_AllSymbols_inline3
0x45cd0820,MiniGame_AllSymbols_inline4
0xc66c7d79,MinigameCategory
0x537d36b7,Minigame_Def
0x23ceab95,MiniGame_SymbolsWithRarity
0xd9d8aebb,MiniGame_Trap
0xc64ed948,MinigameTrapType
0x8777afda,ModifyStatPoolModifierEffector
0x6d8bd8e0,MovementParam
0x4bdf44eb,MovementParams
0xec2d8e03,MovementPolicy
0x8c599392,MovementPolicyTagList
0x19f67568,MultiPrereq
0x63973b27,MutablePoolValueModifier
0xd89b0057,NetworkPingingParameteres
0xbea6c17f,NetworkPresetBinderParameters
0x28093be9,NewsFeedTitle
0xbcc122b6,NonLinearAccuracy
0xdf3aa875,NPCBehaviorState
0x12044769,NPCEquipmentGroup
0xdff4914,NPCEquipmentGroupEntry
0x43058482,NPCEquipmentItem
0x6dd48c01,NPCEquipmentItemPool
0x90e3cd39,NPCEquipmentItemsPoolEntry
0xc3e2e183,NPCHighLevelState
0x7a6fa98a,NPCQuestAffiliation
0xad376dd9,NPCRarity
0x6ebed5ee,npc_scanning_data
0x6154061c,NPCStanceState
0xe99cea2d,NPCType
0xd5f21f7b,NPCTypePrereq
0xb3355542,NPCUpperBodyState
0xb87368c4,NumberPlate
0xe8679755,ObjectAction
0x663b9619,ObjectActionCost
0xcf2eebea,ObjectActionEffect
0x792dc590,ObjectActionGameplayCategory
0xb5497a49,ObjectActionPrereq
0x5049c30e,ObjectActionReference
0x6021ad35,ObjectActionType
0x4f430d1b,ObjectToCheck
0x648d1550,OffMeshLinkTag
0x62b366d5,Output
0x954b75c8,OwnerAngleCoverSelectionParameters
0x3cf5efae,OwnerDistanceCoverSelectionParameters
0xb7c71c5d,OwnerThreatCoverSelectionParameters
0x9e3514ca,ParentAttachmentType
0x84e5c5b9,ParticleDamage
0x8a8607a0,PassiveProficiencyBonus
0x6ae65536,PassiveProficiencyBonusUIData
0x6789bd67,PathLengthCoverSelectionParameters
0xc22a0c15,PathSecurityCoverSelectionParameters
0xfce9b4fd,Perk
0xbb10f701,PerkArea
0x4a7faddd,PerkLevelData
0x1b89c226,PerkLevelUIData
0x7b4b19a0,PerkPrereq
0x7465d3e,PerkUtility
0xea4e79e1,PhotoModeBackground
0xb41d3c7e,PhotoModeEffect
0xbcbadeb6,PhotoModeFace
0x4f108177,PhotoModeFrame
0x64069195,PhotoModeItem
0xc1adb13,PhotoModePose
0x968e3bcc,PhotoModePoseCategory
0xa234e047,PhotoModeSticker
0xe1a6f573,Pierce
0x5c3a48ca,Ping
0xa58561bc,PlayerBuild
0xc0289aff,PlayerObjectToCheck
0x37f6964e,PlayerPossesion
0x6b7f0b69,PoolValueModifier
0x395037aa,Prereq
0xe814d651,PrereqCheck
0xf047d0dc,PresetMapper
0x5c593fe6,PreventionFallbackUnitData
0xed8c0787,PreventionHeatData
0xc327f735,PreventionUnitPoolData
0x380b1d2d,Proficiency
0x76f40e9d,Program
0x31a99fd0,ProgressionBuild
0xe0441d65,ProjectileCollision
0x9225e0c6,ProjectileLaunch
0xd88f14e4,ProjectileLaunchMode
0x552a0b32,ProjectileOnCollisionAction
0x1fb5aba6,Prop
0x7aed5be9,Quality
0x92641bc6,Query
0x4a07efaf,QuestRestrictionMode
0x3fb05d71,QuestSystemSetup
0x58c69b58,RaceCheckpoint
0x22915de0,RadioStation
0xd93ea3a1,RandomNewsFeedBatch
0xd63ecc11,RandomPassengerEntry
0x139535d,RandomRatioCoverSelectionParameters
0x5a900375,RandomStatModifier
0x6a4f5cc9,RandomVariant
0x9aa37b34,RangedAttack
0x21867aba,RangedAttackPackage
0x13da769f,ReactionLimit
0xef0e023a,ReactionPreset
0x47ffd114,ReactionPresetCivilian
0xfec47e2a,ReactionPresetCorpo
0x3be6f503,ReactionPresetGanger
0x45c897f9,ReactionPresetMechanical
0xf42c7fa6,ReactionPresetNoReaction
0xfedd1a7e,ReactionPresetPolice
0xa134b1cf,RearWheelsFrictionModifier
0xa90629b1,RecipeElement
0x50464190,RecipeItem
0xc4684de2,Regular
0x23c6d6d5,RegularGDM
0xe4ff577a,RewardBase
0x31a778fb,RewardBase_inline0
0xfc4c4cf0,RewardSet
0x651c20bf,Rigs
0x8080db91,RoachRaceBackground
0xaa4e3601,RoachRaceBackgroundObject
0x77304564,RoachRaceLevel
0xf7ebf324,RoachRaceLevelList
0xf5864a59,RoachRaceMovement
0xb7b9eba1,RoachRaceObject
0x1348ab75,RoachRaceObstacle
0xcad262d2,RoachRaceObstacleTexturePartPair
0x4b76247e,RoachRacePowerUpList
0x2b93a47,RotationLimiter
0x49b5708d,RowSymbols
0xd6e0dbce,RowTraps
0x59c8fb57,RPGAction
0x56e83ee2,RPGDataPackage
0x3179b778,Rule
0x71e7e7be,ScannableData
0xd3dbf587,ScannerModuleVisibilityPreset
0x1dc54ca,SceneCameraDoF
0x3284dca9,SceneInterruptionScenarios
0xde35e1cd,SceneResources
0x42b1d6b4,ScreenMessageData
0xd07b310b,ScreenMessagesList
0x15a6d580,SeatState
0x41783cc8,SectorSelector
0x917a5cbc,SenseObjectType
0x310c6071,SensePreset
0xc7319136,SenseShape
0x98e21b2e,SlotItemPartElement
0xee1e6116,SlotItemPartListElement
0xc6644e24,SlotItemPartPreset
0xb7fc07c1,SmartGunMissParams
0x4e5f1f7b,SmartGunTargetSortConfigurations
0x8fa0b221,SmartGunTargetSortData
0x74568ccb,SpawnableObject
0xd6aa8751,SpawnableObjectPriority
0x1ac7ecd4,SpreadEffector
0x63febac,SpreadInitEffector
0x9117fc04,SquadBackyardBase
0x20583de4,SquadBase
0xad4d13a3,SquadFenceBase
0xdfe07c1,SquadInstance
0x26929cac,Stat
0x1885c3e0,StatDistributionData
0xbcf35222,StatModifier
0x2e19bd05,StatModifierGroup
0x7fc44c28,StatPool
0xf845d525,StatPoolCost
0xe95e8d7f,StatPoolDistributionData
0x63b17f1,StatPoolPrereq
0x199da96c,StatPoolUpdate
0xb58eb600,StatPrereq
0xebf27fd5,StatsArray
0x9abf538d,StatsFolder
0x53c599e2,StatsList
0x25107a6d,StatusEffect
0x4ddccfbc,StatusEffectAIBehaviorFlag
0xa969341a,StatusEffectAIBehaviorType
0xb2784fe3,StatusEffectAIData
0x4f132881,StatusEffectAttackData
0xe5e5523,StatusEffectFX
0xcbb50d86,StatusEffect_inline0
0x8badc51,StatusEffect_inline1
0x77e6bca,StatusEffectPlayerData
0x5dcc5196,StatusEffectPrereq
0xa8cca3ef,StatusEffectType
0xf4967622,StatusEffectUIData
0x14431bb7,StatusEffectVariation
0xa03e7485,StickyGDM
0x63769f78,Stim
0x8329e6df,StimPriority
0xeba94a28,StimPropagation
0xc2b7f4db,StimTargets
0x5cfc99c,StimType
0x15848dd5,Stop
0x8feda261,StopAndStick
0x1141e4bf,StopAndStickPerpendicular
0x351854e9,StreetCredTier
0x83286035,StreetSign
0xd17445c6,SubCharacter
0xfb6ea0ef,Substat
0x1e7e20f5,SubStatModifier
0x73238939,TacticLimiterCoverSelectionParameters
0xbd794af5,TemporalPrereq
0x594f80b7,TerminalScreenType
0xf6cbab75,ThreatDistanceCoverSelectionParameters
0x473c9b6a,ThreatTrackingPresetBase
0x472e55da,ThumbnailWidgetDefinition
0xbfac7317,Time
0x3b47a77e,TPPCameraSetup
0x79829e97,TPPLookAtPresets
0x91391b47,Tracking
0xe3bf5b53,TrackingMode
0x7ef296d3,Trait
0x8f622530,TraitData
0x48b998b,Transgression
0x46cc29a3,Trap
0xd3660514,TrapType
0xb6e9328f,TriggerAttackEffector
0xb7abae72,TriggerHackingMinigameEffector
0x4e72103d,TriggerMode
0xd3b246ee,TVBase
0x5ce4d089,UIAnimation
0x25986a4c,UICharacterCreationAttribute
0x5ad9a393,UICharacterCreationAttributesPreset
0xf7fca51d,UICondition
0xbc7d117e,UIElement
0x9336bd0f,UIIcon
0xe0fc7fb5,UIIconCensorFlag
0x5204d675,UIIconCensorship
0x906c18c0,UIIconPool
0x8d6fbeb7,UINameplate
0xec65b514,UINameplateDisplayType
0xd0110fd7,UIStatsMap
0xeff117bd,UncontrolledMovementEffector
0xaabe88e5,UpgradingData
0x2560379e,UphillDriveHelper
0xfe64d178,UtilityLossCoverSelectionParameters
0xa85e23c0,Vehicle
0x25fa67b6,VehicleAIBoostSettings
0x43691377,VehicleAIPanicDrivingSettings
0xa118b486,VehicleAirControl
0xc7808cd8,VehicleAirControlAxis
0x8b42dabf,VehicleAITractionEstimation
0x83b38582,VehicleAIVisionSettings
0x6e5e103d,VehicleBehaviorData
0x310e0760,VehicleBurnOut
0x5f5dc1d1,VehicleCameraManager
0xc003d53c,VehicleDataPackage
0xc9159de4,VehicleDefaultState
0x7685b8c2,VehicleDeformablePart
0x7e1bbf62,VehicleDeformableZone
0x7f51e42e,VehicleDestructibleGlass
0x33d2c174,VehicleDestructibleLight
0xe48fe723,VehicleDestructibleWheel
0xa892d176,VehicleDestruction
0x9abee85f,VehicleDestructionPointDamper
0xb37c241,VehicleDetachablePart
0x84f9af19,VehicleDriveModelData
0xa66587fc,VehicleEngineData
0x60025def,VehicleFPPCameraParams
0x911b8fa3,VehicleFxCollision
0x87535b98,VehicleFxCollisionMaterial
0xa8c73b5b,VehicleFxWheelsDecals
0x299a87e5,VehicleFxWheelsDecalsMaterial
0x27e467e2,VehicleFxWheelsDecalsMaterialSmear
0x6a3b3e8c,VehicleFxWheelsParticles
0xd5faa080,VehicleFxWheelsParticlesMaterial
0x7626ff66,VehicleGear
0x700e1a13,VehicleImpactTraffic
0x6263da96,VehicleManufacturer
0xb4a1d482,VehicleModel
0x15abf19e,VehiclePIDSettings
0x2f467cb3,VehicleProceduralFPPCameraParams
0xc2f6f27e,VehicleSeat
0xf7a2f788,VehicleSeatSet
0x29f9cdeb,VehicleSteeringSettings
0x7f3a74d9,VehicleStoppingSettings
0x35e1b7f4,VehicleSurfaceBinding
0x67a77019,VehicleSurfaceType
0x8410290e,VehicleTPPCameraParams
0x3ffa43da,VehicleTPPCameraPresetParams
0x1d7feee7,VehicleTrafficSuspension
0x7c14e784,VehicleType
0x33c6e951,VehicleUIData
0x366b6be2,VehicleVisualDestruction
0x3996f4,VehicleWater
0xd0b93794,VehicleWeapon
0x576fd17e,VehicleWheelDimensionsPreset
0xe7a5ea6c,VehicleWheelDimensionsSetup
0x94425b2f,VehicleWheelDrivingPreset
0x37d78f27,VehicleWheelDrivingSetup
0x6e06651f,VehicleWheelDrivingSetup_2
0x883b3843,VehicleWheelDrivingSetup_4
0xc0b00fce,VehicleWheelRole
0x2f6acac2,VehicleWheelsFrictionMap
0x8855cc5e,VehicleWheelsFrictionPreset
0xbca8b853,Vendor
0xdd645491,VendorCraftable
0xa5f100e7,VendorExperience
0xf8e1210c,VendorItem
0x3fbcdc21,VendorProgressionBasedStock
0xd1ac9a37,VendorType
0x8aaba985,VendorWare
0xd834e75e,VirtualNetwork
0x14095b94,VirtualNetworkPath
0xe3018cb6,VisionGroup
0xc840e22a,VisionModuleBase
0x9c24a1ea,VisualTagsPrereq
0x4518673d,Weakspot
0x4013f4b4,WeaponEvolution
0xe299e3a,WeaponFxPackage
0x7fdef930,WeaponItem
0x7d0aa7f1,WeaponManufacturer
0xe14e036f,WeaponVFXAction
0x81da10be,WeaponVFXSet
0xf08bbe22,Weather
0x915dd449,WeatherPreset
0xb658a675,Website
0x27a684c5,WeightedCharacter
0x6f40067,WidgetDefinition
0xfc010328,WidgetRatio
0x725856cd,WidgetStyle
0x8a897c2c,WorkspotActionType
0x48f03b8d,WorkspotCategory
0x9740f156,WorkspotReactionType
0xd305b188,WorkspotStatusEffect
0x1f0df486,WorldMapFilter
0x2ad79717,WorldMapFiltersList
0x478101ca,WorldMapFreeCameraSettings
0x8eefc0e,WorldMapSettings
0x4e97e34d,WorldMapZoomLevel
0x9a42052b,XPPoints
0xd57a8b66,XPPoints_inline0
